gdgt0_mu,gdgt1_mu,gdgt2_mu,gdgt3_mu,cren_mu,creniso_mu,gdgt0_sig,gdgt1_sig,gdgt2_sig,gdgt3_sig,cren_sig,creniso_sig,gdgt0_max,gdgt1_max,gdgt2_max,gdgt3_max,cren_max,creniso_max,gdgt0_min,gdgt1_min,gdgt2_min,gdgt3_min,cren_min,creniso_min,gdgt0_weights,gdgt1_weights,gdgt2_weights,gdgt3_weights,cren_weights,creniso_weights
-0.593203169,18.24386805,32.99430323,41.97290536,69.8082079,70.45401418,16.28514113,14.26594902,8.969873207,15.04319341,36.24544254,24.66738419,58.16365266,5.796843632,6.256847369,6.89106134,75.94334918,18.40094631,17.54656408,1.319465363,0.295875473,0.802890744,25.14872249,1.471948197,0.04352778,0.45092335,0.59464882,0.829308043,0.126679808,0.27743174
0.547960589,18.24386805,32.9942075,41.97290536,69.81432136,55.12653226,16.28514113,14.26594902,8.908942254,14.62696559,36.23530035,16.5464355,58.16365266,5.796843632,6.248300602,6.89106134,75.94334918,18.40094631,8.734037888,1.319465363,0.295875473,0.802890744,25.14872249,1.474903567,0.04352778,0.45092335,0.59464882,0.828426761,0.126679808,0.28230932
-3.247491859,18.24386805,32.99430323,41.97290536,69.8082079,70.45401418,16.93030943,14.26594902,8.969873207,15.04319341,36.24544254,24.66738419,58.16365266,5.796841274,6.26565359,6.860137052,75.94334918,18.40094631,17.54656408,1.320448331,0.295875473,0.807361637,25.14954247,1.471948197,0.04353207,0.45092335,0.601353048,0.829308043,0.126679808,0.27743174
-5.047015751,23.27026826,31.92302363,41.37067215,42.34865313,54.94458363,25.45988898,14.22145456,10.89008453,14.91383011,17.15746439,18.8139543,62.78892446,6.653011497,5.503225408,6.878574646,78.62098038,15.95609154,4.877688185,0.91316997,1.096966123,0.201096556,29.93416715,0.33437368,0.044696078,0.574493938,0.9462932,0.682185885,0.125030024,0.320561204
-5.047015751,23.26163375,31.89193479,41.37067215,42.57139708,54.94458363,18.58116305,14.28414457,11.58910283,14.91194965,17.15746439,18.83108993,67.74037546,6.652628695,5.503225408,6.878574646,78.78033618,15.99953153,5.570184475,0.91316997,0.355577803,0.897315056,31.13237589,0.33437368,0.044696078,0.572317888,0.938566513,0.720991925,0.125030024,0.320561204
-9.700722823,23.37905291,31.89193479,41.37360228,42.57139708,51.5371736,23.33309719,14.28204052,11.58910283,14.90276335,16.58271904,18.80112431,67.96185722,6.661091464,5.470762784,6.878574646,78.99284686,14.22109997,4.877688185,0.913270175,0.354060943,1.55129821,29.58365901,0.33437368,0.044696078,0.572317888,0.938566513,0.682086217,0.122400179,0.320449501
-5.047015751,23.26065102,31.89193479,41.37067215,42.57139708,54.94458363,18.58116305,14.27505637,11.58910283,14.91383011,17.15746439,18.83108993,67.96185722,6.652628695,5.503225408,6.878574646,78.86045477,16.0132843,4.877688185,0.91316997,0.355577803,1.55129821,31.13237589,0.33437368,0.044696078,0.572317888,0.938566513,0.682185885,0.125030024,0.320561204
-5.047015751,22.95596581,31.89193479,37.87803384,42.57139708,54.94458363,18.24949075,14.27505637,11.58910283,14.25089259,17.15746439,17.07232862,67.96185722,6.652628695,5.503225408,6.878574646,78.4848015,16.0132843,4.877688185,0.91316997,0.355577803,0.237563756,31.13121285,0.139055005,0.04496201,0.576824662,0.939877894,0.682185885,0.125030024,0.330946813
-5.047015751,23.26065102,31.89193479,41.37067215,42.57139708,54.94458363,18.57945996,14.27505637,11.58910283,14.91383011,17.15746439,18.83108993,67.96185722,6.652628695,5.503225408,6.878574646,78.86045477,16.0132843,4.877688185,0.91316997,0.355577803,1.55129821,31.13237589,0.33437368,0.044696078,0.572317888,0.938566513,0.682185885,0.125030024,0.320561204
-4.775081454,23.26065102,31.89193479,41.37067215,42.57139708,54.94458363,18.58116305,14.27505637,11.58910283,14.91383011,17.15746439,18.83108993,67.96185722,6.652628695,5.503225408,6.878574646,78.86045477,16.0132843,4.877688185,0.91316997,0.355577803,1.55129821,31.13237589,0.33437368,0.044696078,0.572317888,0.938566513,0.682185885,0.125030024,0.320561204
-4.461195435,23.26065102,31.89193479,41.37067215,42.57139708,54.94458363,18.58116305,14.27505637,11.58910283,14.91383011,17.15746439,18.83108993,67.96185722,6.652628695,5.503225408,6.878574646,78.86045477,16.0132843,4.877688185,0.91316997,0.355577803,1.55129821,31.13237589,0.33437368,0.044696078,0.572317888,0.938566513,0.682185885,0.125030024,0.320561204
-5.180290811,23.26065102,31.89193479,41.37067215,42.57139708,54.94458363,18.58116305,14.27505637,11.58910283,14.91383011,17.15746439,18.83108993,67.96185722,6.652628695,5.503225408,6.878574646,78.86045477,16.0132843,4.877688185,0.91316997,0.355577803,1.55129821,31.13237589,0.33437368,0.044696078,0.572317888,0.938566513,0.682185885,0.125030024,0.320561204
-4.871244819,23.3857199,31.89193479,41.37067215,42.57139708,54.94458363,18.58116305,14.28186952,11.58910283,14.91369517,17.15746439,18.83108993,67.96185722,6.652628695,5.503225408,6.878574646,78.85887725,15.99811864,4.877688185,0.91316997,0.389743818,1.55129821,31.17906005,0.33437368,0.044696078,0.572317888,0.938566513,0.682169183,0.125030024,0.320561204
-4.063178201,18.41025328,30.7913904,52.01704785,44.39909042,70.3967476,16.28477734,14.26850111,9.003306498,18.48760813,26.48692409,24.93643128,68.0470579,5.798788417,6.236088268,6.89134828,62.78443613,18.40094631,17.54845065,1.320928526,0.216055217,0.802838967,25.14872249,1.479498477,0.043531602,0.573301612,0.601030194,0.929777272,0.12675154,0.277415249
2.339400765,27.11870232,30.78563872,36.28902354,44.39367877,53.44933927,17.26691735,16.70158072,9.273169624,5.925200583,37.41013793,14.89791286,55.27075072,5.840765276,7.906162324,6.634966137,72.39548509,16.88720151,0.693090326,1.325049038,0.091727025,0.772281077,1.110615561,1.391980395,0.134189902,0.970915159,0.60143917,0.829078052,0.120566645,0.475902116
-11.28461226,25.19485295,28.2150731,37.11515107,79.23338924,58.79934207,26.25083388,19.10444362,8.724224464,5.835980546,28.39175226,19.2710141,67.04887262,6.026074032,8.417802054,7.396031509,63.98752718,15.58977878,5.252731816,0.90838511,0.088456333,0.349131698,51.14918264,0.808304778,0.137261298,0.744967142,0.362493452,0.883328606,0.12426376,0.586909858
-11.28461226,25.08833042,28.2150731,36.55307449,79.23338924,58.79934207,26.25121495,19.10444362,8.724224464,5.835980546,28.39283347,19.2710141,67.0285145,6.026074032,8.386391095,6.628992432,63.2622933,15.58977878,5.252731816,0.881313023,0.08502888,0.349131698,51.14918264,0.808304778,0.137294302,0.744967142,0.351842127,0.883328606,0.003201534,0.586492842
2.612712341,27.12059416,31.5959068,46.17889548,44.26602627,53.44933927,17.29037909,16.70158072,9.273169624,10.79009714,37.41013793,14.89791286,55.72117015,5.840765276,7.491184965,6.97138526,72.39548509,16.91786037,0.637913926,1.325049038,0.343776708,0.831902203,0.834615874,1.391980395,0.1351005,0.970915159,0.60129381,0.829078052,0.12346461,0.475902116
-11.28461973,25.19485295,28.21587402,37.12985066,79.23338924,58.79934207,26.25083388,19.04323618,8.724224464,5.835980546,28.36677271,19.28296207,67.04887262,6.026074032,8.417802054,7.396031509,63.98752718,15.58977878,5.252731816,0.90838511,0.074514891,0.349633267,51.14918264,0.808304778,0.137261298,0.744967142,0.362015756,0.883328606,0.12426376,0.586909858
-5.205144515,18.08936217,30.7913904,52.01704785,44.6964172,71.20950023,19.87612682,14.16919819,12.806949,18.48760813,25.16442355,24.93643128,68.26773361,5.821074355,6.246241701,6.941141564,60.78320169,18.01824941,17.54656408,0.742472072,0.071552009,0.278535681,24.45758241,0.285281943,0.04352778,0.588188439,0.600753429,0.879308009,0.125374393,0.251413011
-11.28461226,25.19485295,28.2150731,37.11786852,79.23338924,58.79934207,26.25083388,19.10444362,8.724224464,5.835980546,28.39175226,19.2710141,67.04887262,6.026074032,8.417802054,7.054924583,63.98561476,15.58977878,5.613585237,0.90838511,0.088456333,0.353276929,51.14918264,0.808304778,0.137261298,0.744967142,0.362493452,0.883328606,0.124258773,0.586909858
-11.28461226,25.18222365,28.2150731,36.54419793,79.23333496,58.79934207,26.8957983,16.82015208,8.724224464,5.835980546,28.62816987,19.30644167,65.95015808,6.026058198,8.417770765,7.393877368,65.23996802,15.5901332,5.62103158,0.90838511,0.088456333,0.388499858,49.8567787,0.47143074,0.137261298,0.745011651,0.362493452,0.883328606,0.064277725,0.586897767
-11.28461226,25.19467521,28.2150731,37.1077836,79.23338924,58.79934207,26.25083388,19.10444362,8.724224464,5.835980546,28.39175226,19.2710141,67.17008204,6.026074032,8.417802054,7.05249221,64.08391515,15.58977878,5.252731816,0.90838511,0.088456333,0.353538862,51.14918264,0.808304778,0.137261298,0.744967142,0.362493452,0.883328606,0.12426376,0.586909858
-6.425214506,18.99582866,32.48971032,52.01704785,44.69162983,70.88803689,16.9321668,14.16919819,12.45661946,18.48760813,25.77405503,24.94588834,62.56466497,5.820978683,6.229166166,6.70965914,61.23095759,18.40094631,17.54656408,1.355494291,0.241426098,0.802890744,24.66608659,0.214490138,0.043564997,0.587971428,0.601018619,0.82964087,0.12675154,0.251413011
-11.49449782,25.19485295,28.2150731,37.11515107,79.23338924,58.79934207,26.25083388,19.10444362,8.724224464,5.835980546,28.39175226,19.2710141,67.04887262,6.026074032,8.417802054,7.396031509,63.98752718,15.58977878,5.252731816,0.90838511,0.088456333,0.349131698,51.14918264,0.808304778,0.137261298,0.744967142,0.362493452,0.883328606,0.12426376,0.586909858
-11.77555719,25.19467148,28.18868976,36.53279794,79.23338924,58.79934207,26.25083388,16.82015208,8.724224464,5.835980546,30.97465456,19.2710141,67.16741705,6.026058198,8.397549903,7.077663364,63.98897466,15.58977878,5.62103158,0.90838511,0.088456333,0.353499767,51.14918264,0.47143074,0.135034511,0.744967142,0.362493452,0.883328606,0.124698464,0.596472875
-11.28461226,25.19467148,28.2150731,36.53683047,79.23338924,58.79934207,24.90060807,16.80020476,8.724224464,5.530834116,36.1532141,19.84138284,67.16741705,6.0217106,8.417802054,7.000613871,61.29834547,15.58977878,8.05285819,0.90838511,0.08904747,0.356401229,51.14918264,0.47143074,0.137261298,0.806983887,0.362493452,0.883328606,0.0581316,0.586909858
-6.314335109,18.38081362,33.89514163,52.01924153,44.27569105,70.3967476,16.93604135,14.16878366,12.45941025,18.0170563,25.99773203,24.93643128,68.18480826,5.796687388,6.265495031,6.891349493,60.84970256,18.72149861,17.47840337,1.320433036,0.364057533,0.1624924,24.33095309,1.479824322,0.045795246,0.571249055,0.601036463,0.829284632,0.125340295,0.251364074
-5.131381033,18.08936217,30.7913904,52.01704785,44.6964172,70.93827777,16.24657442,14.33853222,12.51565694,18.48760813,25.22859753,24.93643128,68.18218803,5.82110066,6.169244344,6.889421776,60.85170326,18.41794665,17.25536547,0.743404193,0.231242048,0.171392932,24.40612507,1.479948913,0.043487429,0.588188439,0.860930349,0.829308043,0.12675154,0.251413011
-11.28461226,25.17613166,28.2150731,36.54419793,79.23338924,53.48188154,26.25083388,16.82015208,8.803575937,5.316608513,28.39175226,16.47090103,67.04620763,6.026058198,8.415547303,7.393877368,84.20503374,15.57723261,5.643438264,0.90838511,0.158230532,0.349092604,51.14918264,0.47143074,0.137261298,0.745682438,0.3625694,0.883328606,0.12469645,0.625070258
-9.811258716,21.64485051,30.74534107,36.50172682,76.38357654,69.19359013,25.84362538,12.3673617,10.88829868,5.857611814,27.4344569,22.96969211,61.90143228,5.063529559,7.858376173,6.779326455,64.4058487,22.15214509,8.626936139,1.811510896,0.248868345,0.387998236,45.16367827,0.662988729,0.152763027,0.800089188,0.379281535,0.859994268,0.002093473,0.494049143
-12.12633831,25.19467148,28.2150731,36.53683047,79.23338924,58.79934207,26.25083388,16.82015208,8.724224464,5.747182929,28.39175226,19.2710141,67.16741705,6.023184682,8.417802054,7.05033807,64.08506779,15.58977878,5.62103158,0.90838511,0.088456333,0.353499767,51.14918264,0.47143074,0.137261298,0.744991086,0.362657766,0.883328606,0.1246965,0.586909858
-12.70971476,25.19467148,28.2150731,36.53683047,79.23338924,58.81367726,26.24978567,16.82015208,8.886234015,5.861530789,28.14724259,19.35587703,67.16741705,5.993979141,7.967399712,7.05033807,64.08170683,15.58977878,8.630808804,0.90838511,0.090377845,0.353499767,51.14918264,0.676886104,0.137251872,0.744967142,0.362493452,0.883328606,0.1246965,0.598633215
-11.99124512,25.19467148,28.2150731,36.53683047,79.23338924,58.79934207,26.25083388,16.82015208,8.724224464,5.747182929,28.39175226,19.2710141,67.16741705,6.023184682,8.417802054,7.05033807,64.08506779,15.58977878,5.62103158,0.90838511,0.088456333,0.353499767,51.14918264,0.47143074,0.137261298,0.744991086,0.362657766,0.883328606,0.1246965,0.586909858
-7.695630004,22.85633575,34.68381605,48.63197032,70.15127303,64.68136979,21.22137306,14.1548388,11.03930027,14.99242938,43.77547583,19.99940757,59.97876133,5.826073678,7.72910015,6.965074919,65.85561426,17.06824855,12.8331302,0.104602139,0.187569827,0.323940643,30.87418043,1.060143529,0.112160734,0.577712199,0.555362506,0.966936357,0.018811339,0.278150435
3.04432722,27.12059416,30.78563872,46.17889548,44.26602627,53.44933927,17.26691735,16.70158072,9.273169624,10.79009714,37.41013793,14.89791286,55.27075072,5.840765276,7.491184965,6.870653612,72.39548509,16.91715428,0.637913926,1.325049038,1.493554424,0.792855455,0.834615874,1.391980395,0.134189902,0.970915159,0.60129381,0.829078052,0.12346461,0.475902116
-11.32332321,25.10851854,28.27173042,38.10949943,79.138961,56.818105,27.30168845,16.82015208,8.726703072,7.62669251,47.2440201,16.5196233,65.8790352,6.023409145,8.423369507,6.967448609,78.47434823,15.58977878,5.778420215,0.90838511,0.070849636,0.17844561,20.19301414,0.81720076,0.136968917,0.748866743,0.380162344,0.838762188,0.019652812,0.586557721
2.985507263,27.12059416,30.78563872,46.17889548,44.26602627,53.44933927,17.26691735,16.70158072,9.273169624,10.79009714,37.41013793,14.89791286,55.27075072,5.840765276,7.491184965,6.870653612,72.39548509,16.91715428,0.637913926,1.325049038,1.493554424,0.792855455,0.834615874,1.391980395,0.134189902,0.970915159,0.60129381,0.829078052,0.12346461,0.475902116
3.030847102,27.12059416,30.78563872,46.17889548,44.26602627,53.44933927,17.26691735,16.70158072,9.273169624,10.79009714,37.41013793,14.89791286,55.27075072,5.840765276,7.491184965,6.870653612,72.39548509,16.91715428,0.637913926,1.325049038,1.493554424,0.792855455,0.834615874,1.391980395,0.134189902,0.970915159,0.60129381,0.829078052,0.12346461,0.475902116
2.98666248,27.12059416,30.78563872,46.17889548,44.26602627,53.44933927,17.26691735,16.70158072,9.273169624,10.79009714,37.41013793,14.89791286,55.27075072,5.840765276,7.491184965,6.870653612,72.39548509,16.91715428,0.637913926,1.325049038,1.493554424,0.792855455,0.834615874,1.391980395,0.134189902,0.970915159,0.60129381,0.829078052,0.12346461,0.475902116
-9.594410954,21.61919822,34.80365592,37.02051235,44.61424061,68.6024089,26.29777979,12.17138528,15.09470291,5.857611814,26.47986054,22.95648077,61.90122847,5.063529559,7.862551107,6.779326455,64.12929246,20.83125511,8.626936139,1.79891409,0.247967958,0.387998236,25.14180285,0.660161295,0.153109083,0.80019482,0.600637238,0.858702375,0.062546756,0.65053052
-9.811258716,21.61592785,30.74174568,36.49270616,76.43095416,69.19359013,25.83115818,12.19581215,10.88829868,5.857611814,28.94914365,22.96969211,61.90143228,5.063529559,7.860482383,6.779326455,79.01042625,20.16371088,8.626936139,1.811510896,0.240201104,0.387998236,45.46523272,0.662988729,0.141118092,0.713609714,0.382268793,0.859994268,0.002086984,0.701860997
-11.28461226,25.19849246,28.2150731,37.11515107,79.23338924,56.46454944,26.34707904,19.10444362,8.724224464,5.835980546,28.39175226,19.2710141,67.04887262,6.026074032,8.417802054,7.396031509,72.69089359,15.58977878,5.252731816,0.902017435,0.087831579,0.349131698,49.82048353,0.808304778,0.137261298,0.744004644,0.363309955,0.883539187,0.12426376,0.586909858
-9.823344515,21.61919822,34.80365592,37.02051235,44.61424061,68.6024089,26.29777979,12.17138528,15.09470291,5.857611814,26.47986054,22.95648077,61.90122847,5.063529559,7.862551107,6.779326455,64.12929246,20.83125511,8.626936139,1.79891409,0.247967958,0.387998236,25.14180285,0.660161295,0.153109083,0.80019482,0.600637238,0.858702375,0.062546756,0.65053052
-11.82659183,22.67903751,28.31890524,37.76629144,79.19028107,56.818105,26.26158258,16.82015208,8.724610883,7.241394734,47.18534878,16.73169625,65.8790342,6.045901564,8.730735098,7.074864541,78.44143247,17.80323625,5.62103158,0.90838511,0.101960436,0.279230259,19.42326856,0.233771001,0.137261298,0.807654021,0.380325999,0.990437789,0.1246965,0.591913656
-10.42057264,25.03806947,31.73430006,38.06793631,79.77679414,56.61624202,27.21722761,16.92645839,10.36389111,6.943408464,45.47410879,17.78691852,65.91607797,6.677122488,8.424025203,6.997766285,73.14114524,15.5821975,5.629386111,0.907692411,1.653891725,0.879812638,26.3778524,0.246825581,0.137261298,0.716523219,0.26765306,0.972429964,0.062741336,0.705459171
-9.823344515,21.61919822,34.80397402,37.02051235,44.68657629,68.6024089,26.26062383,12.17138528,15.09470291,5.857611814,26.47986054,22.95648077,61.90128961,5.063529559,7.860550914,6.547223604,64.12929246,20.83123986,8.626936139,1.80196634,0.247967958,0.387998236,25.14180285,0.701489725,0.153109083,0.80019482,0.600637238,0.858702375,0.066417465,0.650461847
-11.62226399,25.03263695,32.93797424,38.1088275,79.34527628,56.61624202,26.25898831,16.87954732,10.36389111,6.943408464,45.39908347,17.90770967,65.91607797,6.014478808,8.424025203,7.062939593,78.47435986,15.5821975,5.629386111,0.90838511,1.653891725,0.887742574,20.30336541,0.250956573,0.137261298,0.756546846,0.378061686,0.838762188,0.062732886,0.587446762
-8.682471411,28.3301122,34.80532387,36.54831443,54.46755145,68.8945013,26.18458873,16.36674174,15.09112685,5.857611814,28.12069571,23.74030325,61.99473307,5.339883142,7.912958921,6.639849816,64.13022283,20.97737183,5.68482608,1.602625603,0.087216914,0.393733245,33.14960982,0.660105282,0.14082695,0.80076488,0.107150987,0.868828155,0.002719932,0.698938471
-9.98803964,25.03806947,28.27173042,38.1088275,79.77679414,56.87325435,27.26974412,16.88330743,10.36389111,7.241394734,46.73492948,16.5121193,65.91607797,6.677122488,8.423711683,7.062939593,78.47435986,15.58977878,5.62103158,0.90838511,0.076273859,1.851306981,19.61524951,0.233771001,0.137261298,0.756507883,0.26372406,0.838762188,0.062732886,0.587446762
-11.28467285,25.0377222,28.27171991,38.1088275,79.77679414,56.58954826,27.26974412,16.81219759,11.10716103,6.943408464,45.47410879,17.90770967,67.008654,6.677122488,8.425093049,7.156038567,78.47435986,15.58979088,5.622949633,0.90838511,0.094119758,0.887742574,20.30336541,0.195900501,0.137261298,0.744749078,0.261684861,0.880482381,0.060161031,0.58746539
-1.892198969,19.83949576,33.24625761,43.22317456,76.52437709,77.31643138,19.01087071,9.876280705,9.082842248,19.38853496,48.86262312,15.75974377,53.64661435,5.273859861,5.710222563,7.095219016,85.88293655,5.345334675,10.36566389,0.464863787,0.535640457,0.170475438,27.56476274,0.352804495,0.157315852,0.656885277,0.750722557,0.613652433,0.096980685,0.030289424
-10.3813419,25.03806947,28.27173042,38.1088275,79.77679414,56.61624202,27.26974412,16.88330743,10.36389111,6.943408464,45.47410879,17.90770967,65.91607797,6.677122488,8.424025203,7.062939593,78.47435986,15.5821975,5.629386111,0.90838511,1.653891725,0.887742574,20.30336541,0.249261036,0.137261298,0.756507883,0.263529001,0.838762188,0.062732886,0.587446762
-10.42057264,25.03806947,28.27173042,38.1088275,79.77679414,56.61624202,27.26974412,16.88330743,10.36389111,6.943408464,45.47410879,17.90770967,65.91607797,6.677122488,8.424025203,7.062939593,78.47435986,15.5821975,5.629386111,0.90838511,1.653891725,0.887742574,20.30336541,0.249261036,0.137261298,0.756507883,0.263529001,0.838762188,0.062732886,0.587446762
-10.51205399,25.03806947,28.27173042,38.1088275,79.77679414,56.61624202,27.26974412,16.88330743,10.36389111,6.943408464,45.47410879,17.90770967,65.91607797,6.677122488,8.424025203,7.062939593,78.47435986,15.5821975,5.629386111,0.90838511,1.653891725,0.887742574,20.30336541,0.249261036,0.137261298,0.756507883,0.263529001,0.838762188,0.062732886,0.587446762
-11.32725552,22.71742478,28.27205234,38.1088275,79.18391158,56.818105,27.30135771,16.82015208,8.724610883,7.241394734,47.24245065,16.72419728,65.8790352,6.045901564,8.423777243,7.0643208,78.21798258,15.59031821,5.62103158,0.90838511,1.820051749,0.370205926,20.02442824,0.233771001,0.137261298,0.808465575,0.378080476,0.990437789,0.1246965,0.591179521
-11.66846753,25.03806947,28.27050602,38.1088275,79.77679414,56.61624202,27.26974412,16.88330743,10.36389111,6.943408464,45.47410879,17.90770967,68.21355954,6.677122488,8.424025203,6.914981958,78.34509844,15.5821975,5.827301618,0.90838511,1.67294914,0.768226385,20.03402277,0.233011291,0.137261298,0.756507883,0.263529001,0.838762188,0.062732886,0.587446762
-11.32252174,25.0377222,28.27173042,38.1088275,79.18142966,56.61624202,27.26974412,16.88096723,8.654226833,6.943408464,45.47410879,17.90770967,65.91502629,6.677122488,8.424799693,7.060796038,78.47435986,15.5899966,5.637967176,0.90838511,1.653891725,0.810723829,20.30336541,0.197793329,0.137261298,0.758178203,0.380181604,0.990467829,0.060161031,0.587446762
-11.32318233,25.03806947,28.27173042,38.1088275,79.77679414,56.87325435,27.26974412,16.88330743,10.36389111,7.241394734,46.73492948,16.5121193,65.91607797,6.677122488,8.423711683,7.062939593,78.47435986,15.58977878,5.62103158,0.90838511,0.076273859,1.851306981,19.61524951,0.233771001,0.137261298,0.756507883,0.26372406,0.838762188,0.062732886,0.587446762
-10.02012456,25.03263695,31.28420382,38.41428134,79.53946348,56.61624202,26.25898831,16.87954732,10.36389111,6.943408464,45.39908347,17.90770967,65.91607797,6.828117557,8.423994417,7.062939593,78.47435986,15.5821975,5.629386111,0.90838511,1.610733281,0.887742574,24.62244227,0.242398433,0.137261298,0.756546846,0.287134122,0.838762188,0.059193729,0.587446762
-11.31280136,25.03806947,28.27173042,38.1088275,79.77679414,56.84003416,27.26974412,16.88330743,10.36389111,6.943408464,45.47410879,17.90770967,65.87019397,6.677122488,8.424025203,7.064313952,78.47435986,15.59004508,5.621954416,0.90838511,1.66757694,0.887742574,20.30336541,0.247978847,0.137261298,0.756490113,0.263529001,0.838762188,0.062732886,0.587446762
-6.081795538,23.69177618,34.97082545,50.27545914,54.303441,46.68534211,25.03199521,14.97555199,14.93902702,16.02170261,40.19806241,10.70399865,61.24165259,6.08590838,7.799542783,5.248680207,72.54594088,20.16410523,2.690124328,0.897397092,0.470366966,0.286604546,7.766760329,0.961824723,0.136532335,0.685179219,0.105757276,0.989591554,0.03338697,0.669312349
-9.837648457,27.95372422,34.80532387,36.91275723,54.10716591,68.60170047,26.31752755,12.18915681,14.98582111,6.028598358,28.52457671,22.8891085,61.14533155,6.596409381,7.998746605,6.639849816,71.27570021,20.87188066,6.234138747,1.79891409,0.081797406,0.348787653,32.83423098,0.65937662,0.141481258,0.7980741,0.372603905,0.867197377,0.000239046,0.698938471
-6.081795538,23.69177618,34.97149375,50.27545914,54.17045243,46.85948543,25.03385426,14.97555199,17.69062627,16.02170261,37.13865449,10.70399865,61.27361498,6.08590838,7.799542783,5.246695904,68.92955018,20.16410523,2.690124328,1.567382122,0.454460258,0.287556254,7.765118933,0.961105961,0.137267576,0.685179219,0.268409108,0.972850788,0.054693424,0.622855982
-3.127563415,19.83949576,33.24625761,43.22317456,76.52437709,77.31643138,19.01087071,9.876280705,9.082842248,19.38853496,48.86262312,15.75974377,53.64661435,5.273859861,5.710222563,7.095219016,85.88293655,5.345334675,10.36566389,0.464863787,0.535640457,0.170475438,27.56476274,0.352804495,0.157315852,0.656885277,0.750722557,0.613652433,0.096980685,0.030289424
-7.386276691,23.12283258,34.96995615,50.27545914,54.86107234,46.85948543,25.23877152,14.97275826,17.64350233,16.00975525,37.27929708,10.76733238,61.28077543,5.793375649,7.803615056,5.248680207,66.91934978,20.16410523,2.690124328,1.567382122,0.470366966,0.286604546,8.150629495,0.965588314,0.136570065,0.682165153,0.267054235,0.972850788,0.056325193,0.627568521
-7.386276691,23.10950556,34.96991635,50.27545914,54.86107234,46.85948543,25.02866757,14.97275826,17.64350233,16.00990726,37.27929708,10.76733238,61.28077543,5.793375649,7.803615056,5.248680207,66.91934978,20.16410523,2.690124328,1.567382122,0.470366966,0.286604546,8.150629495,0.965558094,0.136570065,0.682165153,0.267233436,0.972850788,0.056325193,0.627781091
-11.61910435,25.03806947,28.27173042,38.1088275,79.77679414,56.61624202,27.26974412,16.88330743,10.36389111,6.943408464,45.47410879,17.90770967,65.91607797,6.677122488,8.424025203,7.062939593,78.47435986,15.5821975,5.629386111,0.90838511,1.653891725,0.887742574,20.30336541,0.249261036,0.137261298,0.756507883,0.263529001,0.838762188,0.062732886,0.587446762
-11.32725552,22.71742478,28.27173042,38.1088275,79.18391158,56.818105,27.30135771,16.82015208,8.724610883,7.241394734,47.24245065,16.72419728,65.8790352,6.045901564,8.419415161,7.0643208,78.47435986,15.5903336,5.62103158,0.90838511,1.820051749,1.851133257,19.58080547,0.233771001,0.137261298,0.808465575,0.378080476,0.990437789,0.1246965,0.591179521
-5.630684476,23.3572947,34.65257032,35.5411558,55.7773544,54.17682189,23.86433367,12.81479661,15.57900221,5.783289626,28.46083082,15.69861219,60.72429666,5.803067237,8.004125525,6.634945361,68.74490002,19.55963094,2.448947263,1.800766926,0.25985023,0.327674668,33.04913622,0.838855882,0.190147242,0.798230461,0.746842748,0.858814254,0.08299115,0.781291981
-7.386276691,23.69177618,34.97082545,50.27545914,54.12314069,46.85948543,25.03199521,14.97567123,17.69062627,16.00975525,37.63402879,10.66017111,61.28077543,6.0946938,7.799542783,5.248680207,67.33389023,20.16410523,2.690124328,1.567382122,0.470366966,0.286604546,7.766760329,0.961105961,0.136532335,0.685179219,0.269385729,0.972850788,0.056325193,0.627568521
-6.06928689,23.69177618,28.81372885,42.72208485,54.303441,46.85948543,24.73143018,15.03051062,13.58283847,16.35277629,37.01487405,10.70399865,61.23106659,6.138633274,6.366255126,3.353734521,72.57782366,20.16410523,2.786501991,1.3554122,0.494811225,0.296260674,7.766760329,0.961105961,0.136532335,0.685370037,0.104065551,0.972850788,0.054693424,0.628397341
-9.823344515,23.97143619,34.80532387,36.59275005,54.10716591,68.60245406,26.3595595,15.82444262,15.09466274,5.85820083,28.52111275,22.97045166,61.12063206,5.068297827,7.449917493,6.618641065,64.55064081,20.77818208,8.639890258,1.79957937,0.262789062,0.345506561,32.66205259,0.660161295,0.189493449,0.800892064,0.707071728,0.867197377,0.002721808,0.710731347
-6.916422476,19.52745342,33.72420783,42.41971172,70.29906998,64.40424626,27.21228596,8.432865383,12.77415196,14.39299634,37.66952628,17.5490653,60.26380124,5.10804558,6.415216456,6.965016915,64.2618269,18.02168736,13.94220199,0.63907905,0.323679171,1.663718209,30.86650182,0.86401069,0.112472696,0.108057432,0.758514788,0.848381232,0.046687015,0.498135284
-11.86761324,25.03806947,28.27173042,38.1088275,79.77679414,56.61624202,27.26974412,16.88330743,10.36389111,6.943408464,45.47410879,17.90770967,65.91607797,6.677122488,8.424025203,7.062939593,78.47435986,15.5821975,5.629386111,0.90838511,1.653891725,0.887742574,20.30336541,0.249261036,0.137261298,0.756507883,0.263529001,0.838762188,0.062732886,0.587446762
-6.081795538,23.76614603,34.96825071,50.39635375,54.72515011,46.85948543,24.13701967,14.97555199,17.69062627,17.8053267,37.27475855,10.70399865,61.2236633,6.543440969,7.799542783,5.248680207,72.60621429,20.16031473,2.690124328,0.498778378,0.470600497,0.286604546,7.766760329,0.959749557,0.136532335,0.685179219,0.266598794,0.972850788,0.054693424,0.688460757
-9.745416905,27.92325793,34.80532387,36.91275723,55.03840377,68.46957573,26.2503559,12.17382019,14.98582111,5.388732001,28.52457671,22.96969211,61.24603504,6.596409381,7.998746605,6.713860696,64.37824177,20.87188066,6.234138747,1.79891409,0.789893617,0.376111084,32.83423098,1.265315221,0.190147242,0.7980741,0.372603905,0.867197377,0.009167844,0.697928762
-12.13693085,25.03806947,28.34191331,38.1088275,79.77679414,54.9908197,27.24466106,16.902627,10.36389111,6.614819679,45.46677739,17.90770967,66.1701708,6.677122488,8.422827899,7.062939593,78.47435986,15.5821975,5.629386111,0.259568507,1.657162628,0.891293178,20.30336541,0.227441423,0.137261298,0.756507883,0.282574367,0.838762188,0.062732886,0.555048612
-7.393420003,21.68855635,34.80367635,36.55099463,55.38978609,68.6024089,26.24972629,14.00725297,14.75984644,5.857611814,36.29115054,23.72813982,61.90255502,5.339883142,7.893571686,4.603558794,64.13243288,20.82227488,5.148652824,1.595500151,0.090271383,0.347754875,18.85432296,0.678895959,0.14082695,0.800217996,0.601707274,0.868828155,0.063812036,0.650798849
-5.373851585,22.8688175,29.25117234,42.42969602,69.44712839,85.40090738,20.9054215,8.432865383,13.53232839,14.39004173,39.12434196,29.54402658,59.96918713,5.687404009,5.500542627,6.972761938,65.09444326,18.03559522,20.08889173,0.61457579,0.188720567,1.171485865,30.91283393,0.86400172,0.112496092,0.095261997,0.758463251,0.627567619,0.046908166,0.150566522
-11.4767855,22.41575974,31.60415917,40.43579799,70.85572258,82.69666392,24.54558846,10.90546741,9.006827386,11.08893409,40.15351822,17.44493185,60.07845916,5.752408718,6.403223191,6.965016915,76.65315414,18.02561834,13.774431,0.871723019,1.337513887,1.155476844,30.8850506,1.185804924,0.115389065,0.500486143,0.575240029,0.671705892,0.017172419,0.152342815
-8.15686258,23.71767353,29.57051071,35.00289242,98.79943891,49.3248207,25.97504389,12.48099351,10.14872348,6.797746793,45.9655851,12.48737759,60.47094773,6.46234925,6.928355063,3.910257643,94.29881112,16.97603174,4.870030248,1.241752857,0.448482665,0.014993724,40.66250776,1.184433116,0.109008675,0.512879044,0.343746028,0.973559609,0.103823392,0.509678758
-6.978272911,22.89864063,29.26319508,43.0152099,70.40798449,85.23097856,20.94935437,11.2437283,13.53232839,14.98780443,39.40963032,30.44235693,59.99137269,6.923256317,5.307005077,6.975602163,63.72607727,20.5169076,20.08889173,0.643376048,0.301785545,0.406560173,30.6721581,0.810332746,0.112623682,0.446721001,0.789339957,0.627593458,0.018312373,0.152849472
-12.33545937,22.87704834,31.61198168,40.38107571,70.37803578,68.73467824,26.45747936,10.94743436,10.70990698,11.11739694,45.97712319,17.44283214,60.82301479,5.569048538,7.394945068,6.965016915,71.29742838,22.27278068,8.460024606,0.876675233,0.289117023,0.369700702,30.86774218,1.185804924,0.116080349,0.513033491,0.575240029,0.628083337,0.017216043,0.504520632
-11.82419024,28.33027811,34.82607684,36.55099463,54.42078218,68.6024089,26.36378661,14.00983193,15.11684042,5.857611814,43.41423145,23.98299688,61.31086683,5.079135995,7.881124993,4.683812897,64.13240378,20.81868644,8.756004205,1.613531995,0.089172653,0.349138591,18.85491427,0.678816024,0.14082695,0.802664875,0.108176505,0.85439503,0.002673322,0.698938471
-11.916607,28.33027811,34.82607684,36.55099463,54.42078218,68.6024089,26.36378661,14.00983193,15.11684042,5.857611814,43.41423145,23.98299688,61.31086683,5.079135995,7.881124993,4.683812897,64.13240378,20.81868644,8.756004205,1.613531995,0.089172653,0.349138591,18.85491427,0.678816024,0.14082695,0.802664875,0.108176505,0.85439503,0.002673322,0.698938471
-12.37036137,25.03806947,29.24926452,38.1088275,79.77679414,56.81682578,27.26974412,16.88330743,10.36389111,6.937557272,47.32291982,17.90770967,65.63590736,6.677122488,8.424025203,7.060997506,78.47435986,15.58239976,5.629386111,0.908759387,1.820683835,1.852826076,19.62790258,0.218126229,0.137261298,0.810638054,0.263529001,0.838762188,0.124883859,0.59113256
-12.12676859,22.87704834,31.61198168,40.38107571,70.37803578,68.73467824,26.45747936,10.94743436,10.70990698,11.11739694,45.97712319,17.44283214,60.82301479,5.569048538,7.394945068,6.965016915,71.29742838,22.27278068,8.460024606,0.876675233,0.289117023,0.369700702,30.86774218,1.185804924,0.116080349,0.513033491,0.575240029,0.628083337,0.017216043,0.504520632
-6.876521698,23.71767353,29.57051071,35.00067373,98.79943891,49.3248207,23.29712804,12.48099351,10.14872348,6.805747396,45.9655851,12.48737759,60.47094773,6.462454998,6.928355063,3.928718834,94.29881112,17.88905651,4.870030248,0.872073495,0.358854945,0.014679384,40.66250776,1.178536032,0.109008675,0.504221919,0.343746028,0.976853911,0.103823392,0.509678758
-11.916607,28.45215768,34.82607684,36.55099463,55.11406755,68.6024089,26.36374662,14.00983193,14.76077981,5.857611814,43.41423145,23.98299688,61.24655126,5.070654198,7.881124993,4.601230311,64.13240378,20.81868644,8.755995035,1.613295987,0.089172653,0.349138591,18.85490332,0.678816024,0.14082695,0.79311826,0.108176505,0.85439503,0.002673322,0.698522744
-7.065653838,23.71767353,29.57051071,35.00067373,98.79943891,49.3248207,23.29493122,12.48099351,10.14872348,6.805747396,45.9655851,12.48737759,60.47094773,6.462454998,6.928355063,3.928718834,94.29881112,17.88905651,4.870030248,0.872073495,0.358854945,0.014679384,40.66250776,1.178536032,0.109008675,0.504221919,0.343746028,0.976853911,0.103823392,0.509678758
2.843235172,21.64634429,30.53727087,48.97869533,68.92284423,53.62031662,18.16725216,14.57839061,12.19603256,5.474630814,43.06343426,16.01587138,54.5256874,5.846832334,8.005475736,1.609219789,75.0865373,18.60918284,6.663997416,0.117381341,0.1181892,1.492033079,16.92665345,0.726171398,0.197184635,0.896123289,0.526100087,0.559227223,0.146193251,0.984011969
-4.345147417,22.88443428,29.17938901,43.21964235,71.72728178,85.23097856,20.28200226,12.04077168,13.3834863,18.42645108,42.92557292,30.30412248,60.05900076,6.894644698,5.456794927,6.972749518,62.7970684,18.77280126,20.10225791,1.33382499,0.261085562,0.113029189,28.57435165,0.86400172,0.114727602,0.095371389,0.721977267,0.627109951,0.046908166,0.17497342
-11.83242335,28.33027811,34.82616151,36.50573348,58.42612755,68.6024089,26.3595595,14.00987497,15.11684042,5.857611814,43.26415785,23.98299688,61.31086683,5.080155645,7.877903308,5.130545986,64.13240378,18.14936685,8.756004205,1.613422028,0.420401174,1.746565057,18.73275998,0.664069257,0.140593463,0.807566792,0.205811733,0.883161965,0.002630459,0.698938471
-5.550945852,22.49405214,34.80532387,36.5916389,55.6454428,54.17682189,23.7177225,11.7896731,15.06901112,5.843642037,28.49360621,14.35322504,60.71281388,6.606234431,7.4510034,6.639849816,68.07454901,19.57088915,2.46713502,1.79891409,0.231310479,0.327674668,33.34821425,0.380261663,0.190147242,0.798443253,0.720047843,0.857705372,0.055058498,0.584446592
-6.064892931,22.91850274,34.80365592,37.02051235,45.05651183,68.6024089,21.10791108,12.17138528,15.09470291,5.857611814,26.44659343,22.95648077,61.90122847,6.68186862,7.925692556,6.779326455,64.12929246,20.83125511,8.626936139,1.79891409,0.247967958,0.387998236,25.01502488,0.660161295,0.153109083,0.80019482,0.600637238,0.858702375,0.062546756,0.65053052
-8.862807502,25.1093074,34.71802873,36.55099463,55.07265983,68.6024089,26.26153174,14.00725297,14.75984644,8.587333086,36.30026861,22.9799564,61.24566743,5.339883142,7.969477427,4.603558794,64.13236606,20.82209297,8.756292358,1.595500151,1.38469023,0.329597846,19.51535039,0.702783734,0.14082695,0.793385345,0.061841118,0.867521842,0.009414493,0.654553291
-6.081795538,23.69132656,34.97082545,50.27545914,54.303441,46.85948543,23.16273192,14.97555199,17.56296118,16.02170261,37.1726549,10.70399865,61.23962993,6.08590838,7.793873328,5.253095931,67.38092292,20.16410523,2.690124328,1.567382122,1.0976773,0.286604546,7.766760329,0.961105961,0.138318718,0.685179219,0.105679677,0.972418543,0.054695012,0.622855982
-7.510600616,23.76941924,30.90057439,40.75086448,67.37614849,49.69834721,24.47692221,15.56259472,10.85555358,17.72060974,29.4407157,12.50531807,63.4617652,6.017058025,8.294197438,2.150942817,75.1946979,20.15867936,5.586190253,0.520783726,0.461685194,1.193671145,38.56608794,0.999225914,0.133521479,0.708798923,0.287074891,0.876087292,0.017955886,0.596883278
-5.444755923,23.09820004,32.76277925,42.66945584,69.21585607,55.99202105,20.99311909,15.68152545,11.19871938,10.88395821,42.75274665,15.83860719,60.26380124,5.788544252,7.988377082,3.914138817,74.30085461,20.96499952,3.951312233,0.648649401,0.306130362,1.13072768,30.44245806,1.18410341,0.138141685,0.564262755,0.594121447,0.627898069,0.020798825,0.342488432
-6.906775187,17.96383438,29.94285856,39.73791983,61.39907236,54.27861437,23.68647956,12.84365776,10.64877758,12.71081478,43.66037123,15.99862945,62.88958916,6.232365782,6.30561459,3.94896864,68.76674263,19.82071139,5.306010373,0.642750033,0.180723388,0.42575977,18.96330521,1.396938287,0.208670782,0.704547781,0.983179328,0.557447291,0.005375359,0.811721389
-4.702059469,23.35499446,32.80322479,48.78212729,70.15235963,64.86239296,21.43113644,11.2555427,12.46129924,14.99242938,42.76816394,20.00021528,60.22609779,6.936834542,7.739170764,7.065710988,66.03407345,17.09274553,12.18300291,1.358550767,0.110852171,0.109871406,30.66770107,0.293742711,0.07201332,0.462503647,0.548045523,0.971613145,0.017574171,0.430098938
-11.32318233,25.03806947,28.27173042,41.94887696,79.18391158,56.818105,27.30168845,16.82015208,8.724610883,7.611317618,47.24245065,16.5121193,65.8790352,6.023340704,8.423711683,6.967448609,78.47435986,15.58977878,5.778420215,0.90838511,0.07466053,1.84099433,19.95686549,0.827053179,0.136520094,0.748600746,0.382129584,0.838762188,0.018992601,0.588512578
-7.488194882,23.76941924,30.90057439,40.79443939,67.37614849,49.69834721,24.12080821,15.63406617,10.85555358,17.72060974,28.94816473,12.50531807,63.45396173,6.017058025,8.294197438,2.150942817,75.1946979,20.15867936,5.591485652,0.521237816,0.461685194,1.193671145,38.56608794,0.999225914,0.133509665,0.708798923,0.270694918,0.876087292,0.016821215,0.596883278
-4.767814856,20.85817392,32.99105214,41.9416924,70.73744326,54.41902169,24.0530437,14.61022048,10.42451983,14.69998316,38.10607594,17.07066771,60.0219779,6.024337799,7.76393659,3.177110588,74.37501184,18.64978812,5.119898477,0.311263492,0.274163497,1.995465717,27.52406487,1.176661661,0.191023848,0.805301208,0.977002132,0.82851016,0.147473813,0.89661799
-11.36935372,22.1435324,31.60415917,40.43579799,71.1958771,82.69666392,24.55368377,10.87822127,12.4502193,10.97653747,45.87737007,24.96320364,59.93597537,5.963978168,6.372618065,6.965016915,70.91309933,18.06045532,13.63455802,0.877148615,0.289940774,1.836192401,30.61845978,0.253304001,0.137673482,0.748591134,0.603331146,0.628083337,0.014321048,0.152342815
-5.572779262,22.49405214,34.80532387,36.51430233,55.84790395,54.17682189,23.83899394,12.8680594,15.19370827,5.843642037,28.52457671,13.9186483,60.71281388,6.606234431,8.0214095,6.639849816,68.07454901,19.57088915,2.46713502,1.797504437,0.262279974,0.327674668,33.34821425,1.077518821,0.221752952,0.797032688,0.714401667,0.863429234,0.08299115,0.584446592
-7.488194882,23.5260738,30.87142259,40.30881517,60.56946863,49.69834721,24.16534704,15.63406617,10.85555358,17.70287283,28.84963397,12.46627666,63.45396173,6.008340225,8.049634153,2.128963548,72.15865515,20.07134917,5.591485652,0.521237816,0.461685194,1.209113769,38.96970264,1.169175394,0.133509665,0.708532409,0.403390639,0.821216201,0.01669265,0.595577071
-6.019661725,22.8688175,29.17938901,42.42969602,69.89480039,85.23097856,20.35680095,8.393175043,13.54974658,14.39842621,42.82135511,30.26442825,59.96929807,6.895054768,5.457040692,6.972749518,65.09444326,19.46122845,20.08889173,0.086495521,0.188720567,1.106130686,28.5695942,0.86400172,0.114849421,0.095261997,0.758463251,0.627570459,0.046908166,0.167856134
-3.825733219,20.52433082,32.69519127,37.55186686,71.03751896,55.80239306,20.59255165,14.57036802,10.42272824,14.93974363,39.41881188,19.16140119,60.00592973,6.023194554,8.436523708,3.185406943,74.23064019,18.64978812,6.190037628,0.314319138,0.189442349,1.19777884,28.60362002,0.242554768,0.187168508,0.805301208,0.976172601,0.837549546,0.147473813,0.701419894
-6.778810598,22.49405214,30.15546483,36.58232651,55.84790395,54.17682189,23.7177225,11.99447995,12.23299302,5.736446579,28.52457671,13.98227544,60.71281388,6.606234431,7.4510034,6.639849816,68.75735139,19.58836234,5.226154432,1.79891409,0.262279974,0.31149463,33.48885074,0.380261663,0.190511436,0.798443253,0.721561958,0.837753494,0.08073725,0.584446592
-3.100368525,20.52433082,32.69519127,37.55186686,71.03751896,55.80239306,20.59255165,14.57036802,10.42272824,14.93974363,39.41881188,19.16140119,60.00592973,6.023194554,8.436523708,3.185406943,74.23064019,18.64978812,6.190037628,0.314319138,0.189442349,1.19777884,28.60362002,0.242554768,0.187168508,0.805301208,0.976172601,0.837549546,0.147473813,0.701419894
2.790341396,24.36851079,30.60026543,48.98535462,81.1318217,48.06740248,18.13606307,14.7394175,9.071727572,12.95525975,46.1723911,12.52761512,53.78170401,6.416600595,8.004551615,1.565543124,72.06554023,19.55973084,5.411281821,0.108505903,1.81156708,1.709505355,32.43750933,0.516962145,0.17732728,0.795436332,0.03888242,0.955414033,0.195106236,0.836283232
-5.550945852,22.49405214,32.92422789,36.5916389,55.6454428,54.17682189,23.7177225,11.75689875,15.06901112,5.843642037,28.49360621,14.35403276,60.71281388,6.595700079,7.4510034,6.639849816,68.07454901,19.57088915,1.947832208,1.79891409,0.231310479,0.075089397,33.34821425,0.385190162,0.190147242,0.798443253,0.720437457,0.857705372,0.055058498,0.584446592
-8.068922687,20.97670829,30.92749153,33.00274043,77.12613722,54.9012724,25.9239857,14.0955724,10.40676932,8.18002996,43.2828059,15.73194069,60.46428425,6.060216955,8.047487288,2.390756477,73.39220706,21.2996992,7.216287952,0.569744396,0.254699155,0.287811129,28.58725051,0.713208993,0.103992518,0.43081905,0.336742923,0.950381388,0.065364089,0.66302318
-9.391933297,24.71009115,34.80532387,36.55099463,55.07265983,68.20471812,26.24972629,14.00725297,14.75984644,5.857611814,36.3627858,23.72813982,62.80725088,6.346746741,7.967646928,4.513511323,64.13240378,20.82209297,8.703310546,1.595500151,0.08602852,0.347754875,19.28471751,0.678895959,0.14082695,0.835020371,0.10913725,0.866988312,0.074543108,0.650798849
1.547236853,22.70760655,34.1777904,43.24369061,79.11452172,53.7838226,19.39849749,13.75610726,8.993865202,14.05714045,45.58268014,16.50945021,53.68864629,5.806511032,8.471927747,3.793548309,84.26716457,15.57695975,5.644210043,0.571169878,1.332158774,0.896933041,25.65360604,0.705959636,0.128295767,0.65238085,0.372191523,0.837883681,0.120246562,0.943906455
-7.815145613,23.69201409,34.97082545,50.26263725,54.32706655,46.85948543,25.03199521,14.97422618,17.68627964,16.02170261,37.1726549,11.16732639,61.23289471,6.410339854,7.799139953,5.248680207,72.60621429,20.16410523,2.788401883,0.868810794,0.470366966,0.295059851,7.766760329,0.961105961,0.136532335,0.685179219,0.105757276,0.972850788,0.055090053,0.779720008
-9.52493178,25.24158064,34.80532387,36.57529147,55.07265983,68.6024089,26.24972629,13.8577637,14.76590815,5.857611814,36.29115054,23.72813982,61.24566743,5.339883142,7.992152954,4.628052682,64.13240378,17.76244549,8.756292358,1.595500151,0.090271383,1.734929217,18.85432296,0.69430054,0.14082695,0.793385345,0.108176505,0.868828155,0.009414493,0.650798849
-5.611752918,22.49405214,34.5356553,36.99123569,55.85354772,54.17682189,24.16649101,11.99254815,15.13728979,5.843642037,28.53000372,15.77968606,60.71281388,6.606234431,7.444526406,6.639882898,68.08235156,17.28980764,2.46713502,1.853484563,0.262279974,0.327619087,33.85960093,0.173193602,0.190147242,0.637314861,0.723333083,0.858814254,0.08299115,0.58420725
-9.04115974,22.24119179,34.15837243,39.6610747,81.51139864,55.82191532,24.47846102,14.06717984,12.19396732,8.071339943,48.62199826,19.22044299,61.42622014,5.724087595,8.750093091,3.525790204,74.14269177,17.89510929,5.577180027,0.616154415,0.137805038,1.686781875,32.34101055,0.217929628,0.255421141,0.960854995,0.918393045,0.855177646,0.129527656,0.592823861
-3.825733219,20.52433082,32.69519127,37.55186686,71.03644492,55.80239306,20.59255165,14.57036802,10.42386818,14.93974363,39.41881188,19.16140119,57.94574888,6.021949042,8.467142916,3.185406943,74.23064019,18.6760334,6.310281028,0.314319138,0.189442349,0.085179036,28.60362002,0.242554768,0.253405553,0.805301208,0.976322708,0.926858805,0.147473813,0.633663861
-4.05888993,20.52433082,32.69519127,37.55186686,71.03644492,55.80239306,20.59255165,14.57036802,10.42386818,14.93974363,39.41881188,19.16140119,57.94574888,6.021949042,8.467142916,3.185406943,74.23064019,18.6760334,6.310281028,0.314319138,0.189442349,0.085179036,28.60362002,0.242554768,0.253405553,0.805301208,0.976322708,0.926858805,0.147473813,0.633663861
1.156196115,22.70611254,34.3002731,36.47561315,79.23262055,53.72578112,19.08387747,13.73672868,12.42824401,5.501206122,43.16847568,18.00305381,53.47916785,6.908049116,7.872840927,7.047910521,84.59543684,11.97205153,5.221612972,1.066902237,1.658992745,0.366938622,20.75044663,0.718339692,0.141742666,0.646710782,0.111235555,0.785641423,0.145713815,0.94360946
-10.86651746,23.69446274,34.90231994,40.80932271,62.78781412,47.13587813,26.46089805,10.07783731,15.02080065,15.7049866,26.92277566,10.65999754,61.90891991,6.887556159,8.363605928,3.441922934,67.12517424,20.15166669,8.512156836,1.86865203,1.092193454,0.138562747,43.9350691,0.9690501,0.134740561,0.62616892,0.271087807,0.990771465,0.057125766,0.693814851
-7.336695333,23.76941924,30.90057439,40.79443939,67.37614849,49.6720135,24.12080821,15.6168233,10.85555358,17.72060974,28.94816473,12.50531807,63.38198405,6.001919594,8.294197438,1.98357097,75.1946979,20.16082602,1.221350964,0.521237816,0.154688175,1.203499618,38.56608794,0.999225914,0.133509665,0.836260481,0.270694918,0.876087292,0.016821215,0.596883278
-6.545387487,22.74790881,27.80750511,37.83895686,72.67318198,56.50099798,23.79547015,12.21249225,10.11445168,13.39989323,5.766802543,18.4716722,56.21282684,6.57441545,6.011721135,2.28405221,62.3169517,26.52444235,29.70061846,0.526745968,0.546074769,1.634955955,39.01697955,0.841421563,0.349051467,0.764259694,0.928192448,0.005963312,0.208762074,0.732241089
-3.846731554,20.52433082,32.69519127,38.28611161,70.63280564,53.92468021,21.62689222,12.76908527,12.14508239,5.542299292,42.69729868,16.12224729,60.00011803,6.020387464,8.436523708,1.713159065,71.96385484,18.64978812,6.20617074,0.139853952,0.374027548,1.664313635,28.20435639,0.739458872,0.197044001,0.909452584,0.528735264,0.354767733,0.003938647,0.704849512
-12.61422331,22.31850558,30.39831215,41.02676367,70.84842646,82.69666392,24.74314717,10.90659367,12.4502193,10.97653747,45.4079675,24.96320364,60.07092841,6.871812692,6.383008947,6.894279671,71.29742838,18.02496804,13.63455802,0.876675233,0.216719965,0.173815714,30.90725057,1.183020241,0.115389065,0.563896493,0.600135038,0.639981509,0.014321048,0.152342815
-10.86651746,23.7503827,34.89982632,40.80932271,62.78781412,47.13587813,26.46089805,10.07783731,15.02080065,15.70132253,25.84983925,10.65999754,61.90891991,6.785495934,8.363605928,3.441922934,67.12517424,20.15166669,8.512156836,1.86865203,1.092193454,0.142101041,43.9350691,0.999838097,0.134740561,0.628188208,0.271120988,0.868241023,0.017981879,0.694380457
-8.435224868,25.24158064,34.80532387,36.55099463,55.02351433,69.13030829,23.92484294,14.00725297,13.59826104,13.16541888,39.22990496,23.72813982,61.24566743,5.339883142,7.968820694,3.139970499,64.13240378,20.82209297,8.756292358,1.595500151,0.090271383,0.348187775,20.05684288,0.678895959,0.14082695,0.793385345,0.690449386,0.867215911,0.018346145,0.650798849
-5.698615953,22.87870733,32.86469184,38.1788055,69.21585607,55.42434292,20.99311909,15.64419358,12.73742917,11.07668361,46.74162011,15.87401855,60.34929309,5.788544252,7.510907941,3.914138817,78.34905868,15.56833775,3.951312233,0.643512361,0.289101568,1.13072768,19.65908962,1.185749954,0.139996665,0.447428224,0.693313737,0.836510642,0.020798825,0.327906918
-7.969809225,23.76941924,29.99793863,32.9584555,67.06214903,49.69834721,24.47692221,15.56259472,11.12281036,17.70598015,29.4407157,12.50531807,63.4617652,6.017058025,8.294197438,2.130139209,75.1946979,20.15867936,5.586190253,0.5787205,0.46136588,0.306206789,38.56608794,0.999225914,0.133521479,0.595833603,0.287898557,0.876309327,0.109025016,0.596883278
-6.081795538,23.69177618,34.83040089,40.44746398,53.70776852,46.85948543,23.23649868,14.97555199,17.84882078,16.02170261,37.1726549,10.6626471,60.032676,6.08590838,7.788703672,2.277086131,72.60621429,20.16410523,2.690124328,0.867059718,0.470366966,0.286604546,7.766760329,0.961105961,0.172075884,0.655917796,0.374736962,0.972850788,0.054693424,0.72472722
-6.640991576,22.74790881,30.23059639,37.85103655,72.67318198,56.50099798,23.79048236,12.21249225,13.378305,13.40716113,5.766802543,18.4716722,56.16421927,6.57441545,6.011721135,2.28405221,62.3169517,26.52444235,29.67173143,0.470276908,0.574832686,1.634510441,39.01697955,0.295648665,0.349051467,0.786988805,0.925115539,0.009490055,0.208762074,0.732241089
-11.32318233,21.8200409,28.27173042,38.16239395,79.71258547,56.79753554,27.26974412,14.05732425,12.86709926,7.25267431,46.73492948,16.23360798,65.91607797,6.681257441,8.288471698,7.048592259,78.47435986,15.33636293,6.004702105,0.917914982,0.075628957,1.851306981,19.76046237,0.21723217,0.137261298,0.756784014,0.257014177,0.838762188,0.063111444,0.587446762
-11.42021724,22.91652304,23.2310887,37.66858636,72.81379315,56.5468301,23.72753396,13.99113354,11.65729782,13.80576667,5.705674804,18.19001037,61.05545578,6.908431194,8.414259985,5.928069854,72.4847589,27.11415314,29.58647374,0.900293269,1.157776886,1.718057238,35.74859471,0.294632521,0.269040086,0.734309911,0.269905606,0.359231343,0.130121426,0.58484006
-7.426840935,23.76687576,30.31258095,40.79443939,67.37614849,49.69834721,24.12080821,15.63406617,10.85555358,17.71719721,28.94816473,12.50531807,63.45396173,6.544853481,8.432389046,2.150942817,71.32936356,20.2367467,5.21557393,0.521237816,0.465832582,1.193671145,38.53152202,0.999225914,0.133604345,0.708798923,0.270694918,0.385413243,0.016821215,0.687641306
-6.793145622,21.12301113,32.50673472,39.74333066,56.72376981,49.47916796,24.89567015,12.64770655,12.27260396,5.351743174,33.9238308,12.70765851,62.82113027,6.339753231,8.038881471,5.154338254,68.77894484,18.07621225,5.307085662,0.985172033,1.528186001,1.516481772,18.99672137,1.121012662,0.215970446,0.991705065,0.86219714,0.901309739,0.018426131,0.981711543
-7.42136007,23.76957047,30.88827953,40.79443939,67.37614849,49.69834721,24.12080821,15.63406617,10.85555358,17.71719721,28.94816473,12.50531807,63.45396173,6.580687109,8.432389046,2.150942817,71.32936356,20.2367467,5.561522112,0.521237816,0.461658342,1.193671145,38.56615553,0.999225914,0.133604345,0.708798923,0.270694918,0.880852693,0.016821215,0.687641306
-4.922218077,22.85633575,32.80322479,48.65474452,70.15127303,64.67850343,21.32997742,11.1498202,12.46129924,15.01848044,42.74595819,20.57072959,59.97876133,6.936126618,7.739170764,7.017490322,65.91044279,17.06824855,12.18300291,0.137887971,0.326668912,0.0713551,30.66770107,1.083083357,0.072281667,0.106714131,0.555514122,0.971613145,0.018811339,0.346725556
-7.42136007,23.70031778,30.38379825,40.79443939,67.37614849,49.69834721,24.12080821,14.57141508,10.43017338,14.94384579,39.42597285,12.50531807,63.75224992,6.544853481,8.432418261,2.104388819,71.32956793,20.2367467,6.184815264,0.521237816,0.465832582,1.193718942,28.75798633,0.999225914,0.13541222,0.707852122,0.270694918,0.385413243,0.016779113,0.700787969
-6.081795538,23.69177618,34.97082545,49.99194929,56.75971638,46.85948543,21.65334721,14.97555199,18.04511808,16.02170261,37.1726549,10.62734241,61.24165259,6.342986507,7.799542783,3.095795544,72.56218487,20.16410523,5.413134428,1.571387079,0.470366966,1.66445876,9.064078488,0.961105961,0.136532335,0.685261527,0.211010396,0.978397959,0.054693424,0.624227368
-8.703105628,22.56319672,34.74802392,38.46283904,54.35051064,46.86461022,25.10845863,10.13485478,17.67710827,14.45221482,22.29908926,10.70399865,61.24887767,6.331363481,8.383391621,3.116019375,74.81769011,20.18738332,6.727202204,1.545449655,0.455417267,0.83538583,38.15917922,0.968889321,0.175366577,0.650149756,0.451616753,0.980781472,0.055174404,0.789720211
-7.780878242,19.44041057,31.6015157,41.95359308,70.92619886,64.31390126,27.19524957,8.432865383,12.60837553,14.99204462,39.61845282,17.79346137,59.96330195,5.088507696,6.415216456,6.96492912,63.85562073,18.02561834,13.43133255,0.630308562,0.289950302,1.155573256,30.85774159,1.189164189,0.112509068,0.456120078,0.763756058,0.62805207,0.018238285,0.489296112
-6.265986674,17.46732229,32.48963032,39.76603045,49.63715759,55.11783691,21.65657934,12.65193219,10.98973317,12.70803603,30.33516994,15.89515863,62.91416029,6.960307253,8.038533475,2.85327357,68.75879868,18.09038765,5.306002248,0.306883171,0.382081676,0.285991832,18.97074127,1.09967574,0.222503459,0.627982451,0.981526324,0.906500164,0.018228836,0.981711543
-8.578420874,19.86829746,32.0413627,41.89473194,57.9000767,52.00328729,23.44084449,13.7363994,10.99171021,16.34726417,40.21445446,15.81954943,66.90996088,6.875412185,8.028601378,2.516974008,72.2903397,17.3013151,5.479375442,0.377931165,0.274116484,1.756663276,12.11702073,1.101698529,0.207498608,0.818325754,0.986327567,0.645930905,0.005020588,0.656333867
1.880592666,22.8171297,34.33675462,43.23471618,82.58915129,51.79385319,18.73488097,11.8556808,13.12397052,14.78490909,45.3988926,15.91250835,53.6518121,6.905056626,8.370429806,3.711315269,84.26716457,17.68538342,5.374105502,0.910929445,1.655814507,0.896933041,28.88623295,0.802471393,0.171720272,0.647159368,0.322202631,0.028270155,0.146591916,0.738247221
-9.273549153,23.81932572,34.80532387,36.39858583,55.07265983,68.6024089,26.24972629,10.10685879,14.75984644,5.71657463,36.29115054,24.11007047,61.24566743,6.862742105,8.337948894,4.60833565,67.48514861,20.82209297,5.237842824,1.87306915,0.090271383,0.347754875,19.3309061,0.678895959,0.134600297,0.625152169,0.102740032,0.791825456,0.009414493,0.650798849
-7.497038507,23.42500671,30.47021966,43.01882394,54.47138735,64.32909362,24.89320177,14.1528176,12.53793051,17.40635876,35.94690688,19.85094999,63.02820379,6.01374104,5.894865908,4.641990837,63.1518983,26.85626162,4.183487976,0.953083787,0.054872436,0.152344791,24.3998282,0.84541731,0.163747372,0.758198363,0.671003748,0.583625588,0.086911957,0.616091828
-6.265986674,17.46732229,32.44123157,39.77834502,49.63715759,55.11783691,21.65657934,12.50430096,10.98783186,15.82722721,30.69111021,15.89515863,62.91416029,6.960307253,8.038533475,2.85327357,68.76312397,18.09038765,5.306002248,0.306883171,0.360939925,0.285991832,18.97074127,1.096207021,0.221961281,0.627982451,0.981526324,0.906500164,0.018228836,0.983669696
-2.118350202,19.74141739,30.01261842,42.33908115,70.38688445,47.13022793,23.28451054,11.2766359,10.87982888,14.04467225,40.06113686,10.60226259,54.57217543,6.435553658,8.070986675,2.866011672,76.30524196,20.17965694,3.660220782,0.656143843,1.325655754,0.15028133,25.13629972,1.570913072,0.139201264,0.561323345,0.193598756,0.800554049,0.071326344,0.483373359
-5.318799812,21.7956375,32.51606258,38.97145006,70.6854901,46.80073772,23.30135545,14.99365804,11.08268118,13.04598542,41.19853597,11.28142097,61.25946232,6.088496956,8.140212949,2.995009372,78.81742943,19.67633112,2.693399,0.315939631,1.589621876,0.738485883,24.61300241,0.962769025,0.135893249,0.687124502,0.638118346,0.32141513,0.137723413,0.928977712
-4.741902207,20.14971052,29.83005382,42.82755135,64.76792875,49.3039157,21.37463526,12.72687073,11.13182948,6.762101994,44.84419998,13.01568446,60.95027831,6.551874277,7.955720613,2.065686317,69.74757568,20.06938789,4.244463738,0.372361137,0.377109894,1.669069207,19.04508972,0.245844363,0.222685199,0.915562531,0.981152096,0.071752761,0.006880512,0.690007283
-2.118350202,19.99173057,30.01261842,42.33908115,70.38688445,47.759429,23.28451054,11.1875308,10.84905737,14.04467225,40.06113686,11.8671327,54.57217543,6.435553658,8.070986675,2.833196856,76.30524196,18.24957615,3.660220782,0.567387222,1.325655754,0.15028133,25.13629972,1.570913072,0.127563786,0.561323345,0.193598756,0.509216895,0.072328099,0.479151732
-2.847661325,21.64189543,30.53727087,48.75803088,68.93161848,53.57161919,20.35892465,14.57703355,9.412002543,5.474630814,43.06343426,16.01587138,59.49873152,5.844301047,8.192075955,3.546253063,75.0865373,18.60492632,6.667706879,0.117381341,0.170356647,1.493450601,25.11374699,0.710137928,0.192169865,0.915976852,0.604017883,0.831343408,0.146238716,0.983795237
-4.392745502,22.42632561,30.01261842,42.34367108,70.38688445,47.759429,23.28451054,13.8176862,9.050676026,14.09630383,40.00716606,11.8671327,53.61832185,5.788566445,7.984028712,2.833893703,76.30524196,18.33264714,3.660220782,0.569622828,1.334510682,1.172779611,25.16512535,1.570913072,0.128123731,0.561323345,0.193598756,0.042782628,0.101409367,0.460869638
-4.207337089,23.09125563,32.77329095,41.48063398,69.21521309,55.85236081,20.99311909,15.68155444,12.73742917,10.84931495,43.31800497,15.87401855,60.15978592,5.788544252,7.496109456,3.906548713,74.30085461,18.72496733,3.956086732,0.648649401,0.292740428,1.13072768,26.02881909,1.189737113,0.13813678,0.447428224,0.679455801,0.627991606,0.020798825,0.328922706
-6.939288179,24.8869812,31.3645869,51.70790156,54.51052016,64.14541705,24.8933651,14.78069596,12.4939319,14.58029126,36.02797161,20.06304857,60.24920549,6.39470387,5.894865908,3.815440357,63.1518983,26.56045247,4.201141552,0.957849707,0.700857515,1.772125922,24.3998282,0.816794791,0.204081443,0.761701647,0.664439152,0.794919043,0.009659976,0.60883188
-5.503938639,20.57146706,30.42054911,49.97413703,73.04004307,53.68539754,23.39214955,12.75992407,11.0763338,9.31787835,43.27232938,15.73547486,61.24381905,6.516790708,7.500745487,2.945196665,72.36969949,17.96107846,5.121527823,0.903653116,0.36467984,1.807415276,27.48263431,1.011540676,0.222685199,0.917913256,0.525346118,0.967776829,0.056172109,0.995360282
-4.207337089,23.09125563,32.77329095,41.48063398,69.21586713,55.8523053,20.99311909,15.68155444,12.73742917,10.84931495,43.31800497,15.87401855,60.15974626,5.788544252,7.496109456,3.914055693,74.30085461,18.72496733,3.955962329,0.648649401,0.292740428,1.13072768,26.02881909,1.189674657,0.13813678,0.447428224,0.679455801,0.627991606,0.020798825,0.328922706
-7.999177248,22.91652304,23.15148683,38.10245173,73.11421997,58.75096225,19.85532937,13.81506626,12.98129446,7.272333207,5.712012861,19.1358777,58.99567262,7.635536496,7.270010014,2.755651022,64.18990111,27.07571415,32.66011607,0.413350414,0.067906785,0.290217626,39.02439759,0.300365656,0.346817024,0.774607107,0.369102171,0.877226129,0.210637522,0.926548154
-6.108767013,17.55676937,31.31982387,40.32190201,50.61477755,54.71166872,21.70857894,12.69613243,11.13223314,8.915950471,30.71251895,15.80128283,62.69881909,6.339102924,8.012471825,2.879397161,69.18108348,18.09133437,5.441123842,0.596812431,0.385863848,1.669888316,19.14009041,1.235899214,0.222436845,0.795403997,0.981577067,0.387835566,0.008620311,0.788173668
-3.825733219,20.52433082,32.69519127,38.28611161,70.73744326,53.92468021,20.35897985,14.57147172,12.14508239,5.419643203,42.69729868,16.11627888,60.00592973,6.020387464,8.436523708,1.713159065,75.09086702,18.64978812,6.194925679,0.10533912,0.169889528,1.664313635,28.60362002,0.736472558,0.197076923,0.904633063,0.528735264,0.825481604,0.146231883,0.704849512
-4.392745502,22.42631127,30.01261842,42.33908115,70.38688445,47.759429,23.28451054,14.06508834,9.050676026,14.09630383,40.06113686,12.21594703,54.40864192,5.780115623,7.984028712,2.833893703,76.30524196,18.24957615,3.660220782,0.567712806,1.330877932,0.88571163,25.16512535,1.570913072,0.127888413,0.561323345,0.566595551,0.042782628,0.125700262,0.450818199
-6.734223558,19.86829746,32.61233424,40.31373534,60.61288034,51.98371367,21.80206661,13.75770345,10.99037358,15.77311923,40.21445446,15.82232971,66.48610297,6.928808871,8.04928714,2.863954126,68.89216608,18.19006488,5.496840561,0.908606068,1.801845634,1.516022754,12.30116318,1.105553698,0.207826772,0.81900803,0.985425149,0.647955934,0.02696305,0.669282293
-5.456341907,22.28161544,30.12011559,39.76619661,49.65807911,55.44220451,21.69583857,12.70723419,11.13223314,12.70803603,30.92872264,15.76195267,62.42638372,6.460221919,8.017638227,2.868421252,63.21689228,19.59967153,9.14092224,1.599061706,0.385863848,0.396111269,20.46160753,1.107229798,0.138202585,0.59451506,0.125945685,0.909378996,0.008517517,0.696345658
-9.247282938,19.63298689,30.38494168,40.29705949,72.68739862,56.54251685,23.73534688,12.19015135,12.89101063,13.33849825,5.712012861,18.14895357,58.07909311,7.249868222,8.493696095,1.727326062,72.60599259,27.10133918,29.39514205,0.522887349,0.547902642,1.715981545,38.8090568,0.241427329,0.346817024,0.787630106,0.269905606,0.359231343,0.146090444,0.81015362
-4.196010082,22.43438575,30.01261842,42.33908115,70.38688445,47.759429,23.28451054,13.99730311,9.050676026,14.64971435,40.06113686,11.45372202,54.06074699,5.780115623,7.984028712,3.242248723,76.31431274,18.24709922,3.66471122,0.567387222,1.338420648,1.182696294,25.94093372,1.570913072,0.043557888,0.56108003,0.193598756,0.042782628,0.120701316,0.450818199
-11.83465453,22.24119179,34.13082656,39.5169016,78.55387388,56.81561519,26.2639176,14.65868235,12.46620055,11.87294962,47.32833431,19.22337835,61.42622014,5.731604665,8.79360479,3.317944228,72.69238315,17.19985265,5.283679567,0.382081121,0.139140183,1.602813552,31.99873467,0.242540869,0.181964202,0.955958352,0.913178821,0.839234219,0.129460517,0.592823861
-4.52991151,22.93026574,29.66849038,42.28265392,70.3113344,47.759429,23.20466318,14.06135704,13.04968929,19.06708758,40.71845429,11.8671327,54.40985814,5.780491411,7.253588201,2.836733206,76.32418273,17.83884658,3.660220782,0.412230312,1.326845211,0.15028133,25.16512535,1.499448494,0.128716108,0.77395009,0.188207718,0.0565542,0.129026536,0.442805215
-8.569618159,19.83752793,32.0413627,41.98735138,58.33295354,52.00328729,24.23034759,13.7363994,10.99171021,16.28895747,40.21445446,15.81954943,61.46767933,6.504047127,8.026319163,2.516974008,72.29228755,17.30073586,5.481436746,0.377931165,0.274113339,1.756663276,12.11702073,0.179488926,0.207523302,0.818325754,0.986327567,0.645930905,0.14594146,0.651291987
-3.632450798,22.42632561,31.42743586,42.45968391,69.34175889,47.85685135,23.16695626,12.68857957,13.23156592,14.6143204,40.24542182,11.8671327,54.43239034,6.339678842,7.985288169,2.832077567,76.30524196,18.2520212,5.125718792,0.812162773,0.970273137,1.441729746,25.099015,0.243527511,0.128646499,0.563481779,0.298562544,0.047440619,0.100102718,0.7040086
-6.009911441,22.15577685,32.51606258,41.55204136,70.64716945,64.68494633,23.28145436,14.66977472,10.01956453,12.80150879,41.29384863,21.38646183,64.54235015,5.769786896,8.143822374,3.170246927,78.85444213,19.60506337,4.498000637,0.602616239,1.613796916,1.199541421,24.61300241,0.236622416,0.114601001,0.611078839,0.597825609,0.881517094,0.027120035,0.695969932
-9.653034556,19.63298689,30.38494168,40.29705949,72.68739862,56.54251685,23.73534688,12.19015135,12.89101063,13.33849825,5.712012861,18.14895357,58.07909311,7.249868222,8.493696095,1.727326062,72.60599259,27.10133918,29.39514205,0.522887349,0.547902642,1.715981545,38.8090568,0.241427329,0.346817024,0.787630106,0.269905606,0.359231343,0.146090444,0.81015362
-8.15686258,23.71767353,30.61435799,35.0579477,98.79943891,49.20346506,27.22729329,12.56019644,10.14872348,9.347792565,46.314587,12.57143669,60.59476375,6.462454998,6.944017849,3.928838144,99.79221013,17.93039822,1.565001879,0.872073495,0.358873389,0.050126058,32.52903629,1.151910167,0.14085166,0.795116656,0.339345126,0.630078914,0.103823392,0.509678758
-6.503401312,22.15577685,32.51606258,41.55204136,70.64716945,64.68494633,23.28145436,14.66977472,10.01956453,12.80150879,41.29384863,21.38646183,64.54235015,5.769786896,8.143822374,3.170246927,78.85444213,19.60506337,4.498000637,0.602616239,1.613796916,1.199541421,24.61300241,0.236622416,0.114601001,0.611078839,0.597825609,0.881517094,0.027120035,0.695969932
-8.349786713,22.40769319,32.8137072,36.60289201,57.99788265,51.78377153,24.88348686,13.751879,12.47754948,13.12904652,40.19377582,13.98304129,61.26553609,5.60880018,7.436561868,2.929290384,68.1787223,17.80046181,5.309529443,0.362914588,1.871153161,0.117103249,16.92455246,1.257993879,0.21895123,0.871611324,0.72125745,0.352360857,0.007617827,0.588050811
-1.560328295,22.21701649,32.44352006,41.0602202,57.3586792,47.56295489,18.54249362,13.95400384,12.52019004,11.02734158,29.20938186,12.51079028,59.69683837,6.554676769,8.610507859,2.498954731,75.22773224,17.81641078,5.564558524,0.154247068,0.632238707,1.18394343,32.81121132,0.068596306,0.199424652,0.859046081,0.901530492,0.480582277,0.224180786,0.669493647
-8.024132323,21.01879012,30.41894012,43.34901812,77.12613722,54.87006185,25.9239857,13.73747728,10.3811132,15.81851963,43.28871022,15.73194069,60.46428425,6.104681356,8.047487288,2.390756477,73.40015645,21.09756546,7.348087167,0.569744396,0.289138493,0.916299382,28.58725051,0.713208993,0.174614599,0.671063827,0.318395998,0.974365163,0.12591191,0.655760435
-6.503401312,22.92575207,32.58317806,41.55204136,70.64716945,64.69142946,23.17541161,14.66977472,10.01956453,12.80150879,41.29384863,21.38646183,64.5133361,5.796823412,8.143822374,3.170246927,78.85444213,19.60506337,4.498000637,0.605654459,1.613796916,1.199541421,20.10251914,1.14568299,0.114601001,0.611078839,0.597825609,0.881517094,0.024500691,0.702342628
-7.68617091,22.2521637,32.64445807,46.91391604,58.30077924,54.41564367,23.29849004,12.87444274,11.37965817,6.695335554,38.05061734,17.21944657,60.95655192,6.51437167,7.762436315,2.835385468,68.82656788,17.38718157,5.087562209,0.377259321,0.273019103,1.680684619,25.52305753,1.106191786,0.225175904,0.957833423,0.992697995,0.325518095,0.149073469,0.893840861
-3.690489265,22.63162797,32.79396922,49.80767944,63.08117589,49.23248618,20.47543738,13.4582072,10.45103407,19.59155315,34.61456235,12.98235682,60.00592973,6.716242991,8.437267269,3.17536218,72.92049631,18.31753707,5.254275818,0.314319138,1.551652769,1.210885076,28.60362002,0.040143049,0.187168508,0.681786237,0.170659588,0.86735164,0.024841029,0.701446882
-6.918526898,22.91408898,32.60357719,39.76603617,50.78295525,55.10599997,21.65495134,13.78181624,11.12777698,13.23549038,30.83001545,15.89589045,63.4700351,6.900293644,7.991868922,3.58230118,69.36122986,18.08973442,4.199940646,1.03500092,0.485920458,0.285991832,23.73854792,1.103946937,0.225398367,0.923129286,0.947130864,0.906500164,0.038828233,0.816157647
-6.625971339,17.47929069,34.28034541,43.31762478,49.65807911,55.2563272,21.70857894,12.64726141,13.13002815,14.88946596,30.88516349,15.91467828,62.69953789,6.912045581,8.064899411,2.892034978,68.8380447,18.09133437,5.308776707,1.668082658,0.354610492,1.669888316,20.91704494,1.094409384,0.222436845,0.590048058,0.981577067,0.787474396,0.009034305,0.896346187
-6.946514309,23.41047132,27.89027711,41.94775274,54.47138735,64.14082146,24.91896281,12.37313838,15.73251749,16.65201572,36.16339341,19.85094999,60.18219642,6.395062039,5.894865908,4.647970206,63.1681486,26.56045247,4.181342733,0.527012966,0.688410588,0.180665635,24.3998282,0.772476547,0.164414384,0.762730983,0.664439152,0.635989491,0.080264492,0.616091828
-6.800013743,22.53029381,33.00682533,39.34451806,69.55019979,55.11062488,23.09090866,14.52704403,12.85804379,10.86198428,43.80176291,15.89946111,62.6789009,5.788544252,8.050609023,3.909344369,74.74038871,18.08551456,4.213213346,0.716952655,0.154390153,0.809192046,18.30169916,1.180651843,0.21254108,0.810233483,0.679455801,0.82831589,0.021114357,0.857608247
-11.29181002,25.03806947,28.29166428,38.1088275,79.77679414,53.79049655,27.27995799,16.88330743,10.36389111,7.568915247,46.73492948,16.5121193,65.81872077,6.684567658,8.423711683,3.790228023,78.47435986,15.59062908,5.645197314,0.90838511,0.019506707,0.901953631,20.75805266,0.243519628,0.137261298,0.756507883,0.26372406,0.838762188,0.062732886,0.587446762
-9.893661073,19.63298689,30.38494168,40.29705949,72.68739862,56.54251685,23.73534688,12.19015135,12.89101063,13.33849825,5.712012861,18.14895357,58.07909311,7.249868222,8.493696095,1.727326062,72.60599259,27.10133918,29.39514205,0.522887349,0.547902642,1.715981545,38.8090568,0.241427329,0.346817024,0.787630106,0.269905606,0.359231343,0.146090444,0.81015362
-6.099840607,20.02061427,32.57276195,37.90036402,69.06575211,55.05262833,26.00522983,9.924975751,8.834613984,5.997162011,45.52073725,15.4309638,58.93352811,6.059947596,9.080686277,2.6160772,74.74515329,18.36057887,1.254734984,1.225359336,0.368089147,1.633192227,18.94390698,1.082169858,0.199460153,0.847409696,0.282460222,0.703806953,0.03217604,0.908680813
-6.998281439,19.86829746,33.53658245,40.31373534,60.58337267,51.98371367,23.3632912,13.75770345,10.99037358,15.78647477,39.43147141,15.81954943,66.35092717,6.917719555,8.04928714,2.556024515,72.08384391,14.08577848,5.636533733,0.63975416,0.271665666,1.516022754,11.6316434,0.815035076,0.111554301,0.449600088,0.770913083,0.647955934,0.01792396,0.669282293
-10.09784989,19.63298689,30.38494168,40.29705949,72.68739862,56.54251685,23.73534688,12.19015135,12.89101063,13.33849825,5.712012861,18.14895357,58.07909311,7.249868222,8.493696095,1.727326062,72.60599259,27.10133918,29.39514205,0.522887349,0.547902642,1.715981545,38.8090568,0.241427329,0.346817024,0.787630106,0.269905606,0.359231343,0.146090444,0.81015362
1.83192472,23.70894941,34.87077384,43.16732801,79.18653712,49.211183,19.21535732,13.76301178,13.12274276,14.85811376,45.58464718,12.22870203,53.6518121,6.463361613,8.452545333,3.798880758,84.26716457,15.5885666,5.094184966,0.882176066,1.571138942,0.898263618,20.89048072,0.699070796,0.140850577,0.792301708,0.372191523,0.837883681,0.123635239,0.733514418
-4.266317202,22.91656966,30.06471754,37.84850186,72.39992069,56.49923958,21.34671124,13.83050346,12.91680068,13.26103053,5.997678478,18.47177818,56.22442651,6.516191695,7.236474364,2.058404146,72.34968743,26.52815939,28.68995131,0.086959704,1.163041105,1.631469888,38.96615905,0.255634451,0.341613457,0.72849211,0.270754752,0.337740578,0.210674435,0.957350792
-8.831398688,22.91387736,34.89015357,43.01282947,62.94672411,68.45534011,23.86205202,14.64001939,13.54718552,14.67375728,44.22435753,22.60365072,60.90432226,5.75591963,7.960636239,3.796393189,72.05345415,17.8644106,5.654514766,0.639189747,0.302483828,0.901855015,18.88579584,0.974734337,0.140377446,0.574266468,0.596897552,0.840480199,0.022262234,0.592277868
1.880592666,22.56451514,34.33675462,43.23471618,82.75290865,51.79385319,18.63991042,10.10844935,13.12397052,14.78490909,45.3988926,15.90021426,53.69150708,7.227021098,8.383218907,3.803325431,84.26716457,14.14894166,5.556374962,0.91068385,0.414139064,0.896933041,28.39034567,0.802471393,0.171720272,0.647159368,0.322202631,0.969606174,0.123391761,0.683612844
-6.548858923,22.76141757,29.96888001,39.38339125,58.37133642,55.42039518,23.50829899,12.76047948,11.09431324,12.70803603,44.84453241,15.80028457,60.97953145,6.545792287,8.070098593,2.909353,68.75895862,19.94550776,5.275828383,1.241680333,0.405586124,1.669897425,9.111352101,0.265799592,0.213399784,0.935367375,0.211171326,0.380109487,0.001030459,0.898967712
-11.06959484,25.18602762,30.35023393,39.77803309,54.92623565,67.84805034,26.25388098,12.70936763,10.86027829,19.56378027,36.86277339,22.42535301,61.97543806,5.621186421,6.341713501,2.169975275,63.28944346,25.52274961,8.256549466,0.546110892,1.860785739,1.19564009,25.65944244,0.995360616,0.165250469,0.793431924,0.810186319,0.385414593,0.036653367,0.645722138
-6.512111144,22.67503726,32.47612766,43.25166635,58.24964977,54.98235713,23.17886224,12.91648811,11.09431324,12.58492208,44.81347732,15.80028457,61.29095394,6.545385625,8.045618195,3.888946493,68.7573267,18.03538721,5.275828383,0.426556156,0.941618794,1.666335454,8.360017919,1.066753932,0.21292809,0.933951091,0.602325615,0.283262827,0.002589888,0.899862677
0,22,30,36,50,50,18,11,11,8,16,16,55,7,7,3,80,16,1,0.2,0.2,0.25,45,0.1,0.2,1,1,1,0.2,1
